hotel_name,hotel_class,hotel_room_price,ta_rating,ta_location,ta_cleanliness,ta_service,ta_value,review_count,url
Diamond Suites & Residences,3.0,"2,108",3.5,4.5,4.0,4.0,4.0,272,/Hotel_Review-g298460-d1989765-Reviews-Diamond_Suites_Residences-Cebu_City_Cebu_Island_Visayas.html
Sampaguita Suites-Plaza Garcia,2.5,974,3.5,4.0,3.5,3.5,4.0,251,/Hotel_Review-g298460-d1772448-Reviews-Sampaguita_Suites_Plaza_Garcia-Cebu_City_Cebu_Island_Visayas.html
Hotel Pier Cuatro,2.5,"1,340",0,0,0,0,0,393,/Hotel_Review-g298460-d1582492-Reviews-Hotel_Pier_Cuatro-Cebu_City_Cebu_Island_Visayas.html
Dynasty Tourist Inn,3.0,"1,122",0,0,0,0,0,78,/Hotel_Review-g298460-d1229455-Reviews-Dynasty_Tourist_Inn-Cebu_City_Cebu_Island_Visayas.html
Tsai Hotel & Residences,3.0,"1,579",4.0,4.5,4.5,4.0,4.0,68,/Hotel_Review-g298460-d5308846-Reviews-Tsai_Hotel_Residences-Cebu_City_Cebu_Island_Visayas.html
Golden Prince Hotel & Suites,4.0,0,3.5,4.5,4.0,3.5,3.5,203,/Hotel_Review-g298460-d1386349-Reviews-Golden_Prince_Hotel_Suites-Cebu_City_Cebu_Island_Visayas.html
The Maxwell Hotel,3.0,938,3.5,4.0,4.0,4.0,4.0,118,/Hotel_Review-g298460-d1467277-Reviews-The_Maxwell_Hotel-Cebu_City_Cebu_Island_Visayas.html
Travelbee Business Inn,2.5,967,3.5,4.0,4.0,4.0,4.5,77,/Hotel_Review-g298460-d6847429-Reviews-Travelbee_Business_Inn-Cebu_City_Cebu_Island_Visayas.html
The Center Suites,2.0,"1,020",4.0,4.0,4.0,4.0,4.0,103,/Hotel_Review-g298460-d3518676-Reviews-The_Center_Suites-Cebu_City_Cebu_Island_Visayas.html
S Hotel & Residences,3.0,0,4.0,3.5,5.0,4.5,5.0,45,/Hotel_Review-g298460-d10752239-Reviews-S_Hotel_Residences-Cebu_City_Cebu_Island_Visayas.html
Paragon Suites,3.0,892,3.5,4.0,3.5,4.0,4.0,100,/Hotel_Review-g298460-d1229287-Reviews-Paragon_Suites-Cebu_City_Cebu_Island_Visayas.html
M Citi Suites Cebu,3.0,"1,929",3.5,4.5,4.0,4.0,4.0,101,/Hotel_Review-g298460-d3310467-Reviews-M_Citi_Suites_Cebu-Cebu_City_Cebu_Island_Visayas.html
Vacation Hotel Cebu,3.0,"2,036",3.5,4.0,4.0,4.0,3.5,53,/Hotel_Review-g298460-d808508-Reviews-Vacation_Hotel_Cebu-Cebu_City_Cebu_Island_Visayas.html
Mezzo Hotel,4.0,"2,444",3.5,4.0,3.5,3.5,3.0,101,/Hotel_Review-g298460-d12301041-Reviews-Mezzo_Hotel-Cebu_City_Cebu_Island_Visayas.html
Rumah Highlands Hotel,3.5,"2,449",3.5,4.0,5.0,4.0,4.5,36,/Hotel_Review-g298460-d12827121-Reviews-Rumah_Highlands_Hotel-Cebu_City_Cebu_Island_Visayas.html
Alba Uno Hotel,2.5,"1,742",4.0,4.0,4.0,4.0,4.5,66,/Hotel_Review-g298460-d1910032-Reviews-Alba_Uno_Hotel-Cebu_City_Cebu_Island_Visayas.html
Elicon House,2.0,850,4.0,4.0,3.5,3.5,4.0,51,/Hotel_Review-g298460-d1229472-Reviews-Elicon_House-Cebu_City_Cebu_Island_Visayas.html
Alicia Apartelle,3.0,"2,049",4.0,4.5,4.5,4.0,4.0,70,/Hotel_Review-g298460-d7348313-Reviews-Alicia_Apartelle-Cebu_City_Cebu_Island_Visayas.html
One Central Hotel & Suites,3.5,"1,554",4.0,4.5,4.5,4.5,4.5,34,/Hotel_Review-g298460-d14017110-Reviews-One_Central_Hotel_Suites-Cebu_City_Cebu_Island_Visayas.html
Summit Galleria Cebu,3.0,"3,570",4.0,4.5,4.5,4.0,4.0,83,/Hotel_Review-g298460-d12204703-Reviews-Summit_Galleria_Cebu-Cebu_City_Cebu_Island_Visayas.html
Palm Grass Hotel,3.0,0,4.0,4.5,4.0,4.5,4.0,0,/Hotel_Review-g298460-d10627963-Reviews-Palm_Grass_Hotel-Cebu_City_Cebu_Island_Visayas.html
Premiere Citi Suites,3.0,"1,631",3.5,4.0,4.0,4.0,4.5,160,/Hotel_Review-g298460-d2040392-Reviews-Premiere_Citi_Suites-Cebu_City_Cebu_Island_Visayas.html
Casa Rosario Pension House,2.5,976,4.0,4.0,4.0,4.0,4.5,46,/Hotel_Review-g298460-d1229652-Reviews-Casa_Rosario_Pension_House-Cebu_City_Cebu_Island_Visayas.html
MJ Hotel and Suites,3.0,"1,589",3.5,4.0,4.5,4.0,4.0,66,/Hotel_Review-g298460-d6506829-Reviews-MJ_Hotel_and_Suites-Cebu_City_Cebu_Island_Visayas.html
Zerenity Hotel & Suites,3.0,"2,233",4.0,4.0,4.0,3.5,4.5,44,/Hotel_Review-g298460-d6969787-Reviews-Zerenity_Hotel_Suites-Cebu_City_Cebu_Island_Visayas.html
Southpole Central Hotel,3.5,"1,260",3.5,4.0,4.0,4.0,4.0,134,/Hotel_Review-g298460-d9595833-Reviews-Southpole_Central_Hotel-Cebu_City_Cebu_Island_Visayas.html
Hamersons Hotel,3.5,"1,728",4.0,4.0,4.0,4.0,4.5,64,/Hotel_Review-g298460-d8467673-Reviews-Hamersons_Hotel-Cebu_City_Cebu_Island_Visayas.html
Apple Tree Suites Cebu,3.0,"1,398",3.5,4.5,4.0,4.0,4.0,99,/Hotel_Review-g298460-d1601243-Reviews-Apple_Tree_Suites_Cebu-Cebu_City_Cebu_Island_Visayas.html
Fuente Pension House,2.5,"1,023",3.5,4.0,4.0,4.0,4.0,84,/Hotel_Review-g298460-d953663-Reviews-Fuente_Pension_House-Cebu_City_Cebu_Island_Visayas.html
Wellnessland Wholeness Center,3.0,"1,229",4.5,5.0,5.0,5.0,0,19,/Hotel_Review-g298460-d8390999-Reviews-Wellnessland_Wholeness_Center-Cebu_City_Cebu_Island_Visayas.html
Elicon House,2.0,850,4.0,4.0,3.5,3.5,4.0,51,/Hotel_Review-g298460-d1229472-Reviews-Elicon_House-Cebu_City_Cebu_Island_Visayas.html
MJ Hotel and Suites,3.0,"1,589",3.5,4.0,4.5,4.0,4.0,66,/Hotel_Review-g298460-d6506829-Reviews-MJ_Hotel_and_Suites-Cebu_City_Cebu_Island_Visayas.html
Hamersons Hotel,3.5,"1,728",4.0,4.0,4.0,4.0,4.5,64,/Hotel_Review-g298460-d8467673-Reviews-Hamersons_Hotel-Cebu_City_Cebu_Island_Visayas.html
Fuente Pension House,2.5,"1,023",3.5,4.0,4.0,4.0,4.0,84,/Hotel_Review-g298460-d953663-Reviews-Fuente_Pension_House-Cebu_City_Cebu_Island_Visayas.html
Zerenity Hotel & Suites,3.0,"2,233",4.0,4.0,4.0,3.5,4.5,44,/Hotel_Review-g298460-d6969787-Reviews-Zerenity_Hotel_Suites-Cebu_City_Cebu_Island_Visayas.html
Holiday Plaza Hotel,3.0,"1,274",3.5,4.5,3.5,3.5,3.5,86,/Hotel_Review-g298460-d455429-Reviews-Holiday_Plaza_Hotel-Cebu_City_Cebu_Island_Visayas.html
Paragon Suites,3.0,892,3.5,4.0,3.5,4.0,4.0,100,/Hotel_Review-g298460-d1229287-Reviews-Paragon_Suites-Cebu_City_Cebu_Island_Visayas.html
Vacation Hotel Cebu,3.0,"2,036",3.5,4.0,4.0,4.0,3.5,53,/Hotel_Review-g298460-d808508-Reviews-Vacation_Hotel_Cebu-Cebu_City_Cebu_Island_Visayas.html
Rumah Highlands Hotel,3.5,"2,449",3.5,4.0,5.0,4.0,4.5,36,/Hotel_Review-g298460-d12827121-Reviews-Rumah_Highlands_Hotel-Cebu_City_Cebu_Island_Visayas.html
Diplomat Hotel,3.0,"1,214",3.5,4.0,3.5,3.5,4.0,321,/Hotel_Review-g298460-d602851-Reviews-Diplomat_Hotel-Cebu_City_Cebu_Island_Visayas.html
Alba Uno Hotel,2.5,"1,742",4.0,4.0,4.0,4.0,4.5,66,/Hotel_Review-g298460-d1910032-Reviews-Alba_Uno_Hotel-Cebu_City_Cebu_Island_Visayas.html
Casa Rosario Pension House,2.5,976,4.0,4.0,4.0,4.0,4.5,46,/Hotel_Review-g298460-d1229652-Reviews-Casa_Rosario_Pension_House-Cebu_City_Cebu_Island_Visayas.html
Canberry Hotel,3.0,0,3.5,3.5,4.0,4.0,4.5,0,/Hotel_Review-g298460-d7893017-Reviews-Canberry_Hotel-Cebu_City_Cebu_Island_Visayas.html
Premiere Citi Suites,3.0,"1,631",3.5,4.0,4.0,4.0,4.5,160,/Hotel_Review-g298460-d2040392-Reviews-Premiere_Citi_Suites-Cebu_City_Cebu_Island_Visayas.html
Crown Regency Residences,3.0,0,2.5,2.5,3.0,3.0,2.5,78,/Hotel_Review-g298460-d661038-Reviews-Crown_Regency_Residences-Cebu_City_Cebu_Island_Visayas.html
8th Street Hostel,2.0,750,2.5,3.0,0,0,0,3,/Hotel_Review-g298460-d15339376-Reviews-8th_Street_Hostel-Cebu_City_Cebu_Island_Visayas.html
GV Tower Hotel,3.0,"1,138",3.0,4.0,3.0,3.0,3.5,66,/Hotel_Review-g298460-d2174401-Reviews-GV_Tower_Hotel-Cebu_City_Cebu_Island_Visayas.html
Tropical Hostel Cebu,2.0,0,3.5,3.5,4.0,4.0,4.0,63,/Hotel_Review-g298460-d8126336-Reviews-Tropical_Hostel_Cebu-Cebu_City_Cebu_Island_Visayas.html
Mayflower Pension,2.5,"1,152",0,0,0,0,0,91,/Hotel_Review-g298460-d1210295-Reviews-Mayflower_Pension-Cebu_City_Cebu_Island_Visayas.html
18 Suites,3.0,"1,080",4.0,4.0,5.0,4.0,4.0,3,/Hotel_Review-g298460-d15801829-Reviews-18_Suites-Cebu_City_Cebu_Island_Visayas.html
CebuView Tourist Inn,2.5,556,0,0,0,0,0,51,/Hotel_Review-g298460-d1547001-Reviews-CebuView_Tourist_Inn-Cebu_City_Cebu_Island_Visayas.html
Cebu City Center Inn - IT Park Lahug,2.0,840,3.5,3.5,3.5,3.5,0,7,/Hotel_Review-g298460-d10693386-Reviews-Cebu_City_Center_Inn_IT_Park_Lahug-Cebu_City_Cebu_Island_Visayas.html
Cebu Grand Hotel,3.0,"2,032",3.5,3.5,4.0,4.0,3.5,160,/Hotel_Review-g298460-d575403-Reviews-Cebu_Grand_Hotel-Cebu_City_Cebu_Island_Visayas.html
TR3ATS Guest House,2.0,0,3.5,3.5,4.5,4.5,4.0,69,/Hotel_Review-g298460-d3573126-Reviews-TR3ATS_Guest_House-Cebu_City_Cebu_Island_Visayas.html
Verbena Hotel,2.0,"1,048",3.5,4.0,4.0,4.0,4.0,69,/Hotel_Review-g298460-d1229685-Reviews-Verbena_Hotel-Cebu_City_Cebu_Island_Visayas.html
Skyblue Hotel,2.5,"1,350",4.0,4.0,0,0,0,8,/Hotel_Review-g298460-d12595788-Reviews-Skyblue_Hotel-Cebu_City_Cebu_Island_Visayas.html
Eon Centennial Soho Hotel,3.0,0,3.5,3.0,3.5,0,0,6,/Hotel_Review-g298460-d15129474-Reviews-Eon_Centennial_Soho_Hotel-Cebu_City_Cebu_Island_Visayas.html
Allsons Inn,3.0,951,3.0,3.0,3.5,3.0,3.5,47,/Hotel_Review-g298460-d1049152-Reviews-Allsons_Inn-Cebu_City_Cebu_Island_Visayas.html
8th Street Guesthouse,2.0,720,3.0,0,0,0,0,4,/Hotel_Review-g298460-d10548033-Reviews-8th_Street_Guesthouse-Cebu_City_Cebu_Island_Visayas.html
Resort Cebu,3.0,"1,040",4.0,1.0,3.0,4.0,1.0,6,/Hotel_Review-g298460-d7934759-Reviews-Resort_Cebu-Cebu_City_Cebu_Island_Visayas.html
18 Suites,3.0,"1,080",4.0,4.0,5.0,4.0,4.0,3,/Hotel_Review-g298460-d15801829-Reviews-18_Suites-Cebu_City_Cebu_Island_Visayas.html
CebuView Tourist Inn,2.5,556,0,0,0,0,0,51,/Hotel_Review-g298460-d1547001-Reviews-CebuView_Tourist_Inn-Cebu_City_Cebu_Island_Visayas.html
Cebu City Center Inn - IT Park Lahug,2.0,840,3.5,3.5,3.5,3.5,0,7,/Hotel_Review-g298460-d10693386-Reviews-Cebu_City_Center_Inn_IT_Park_Lahug-Cebu_City_Cebu_Island_Visayas.html
Cebu Grand Hotel,3.0,"2,032",3.5,3.5,4.0,4.0,3.5,160,/Hotel_Review-g298460-d575403-Reviews-Cebu_Grand_Hotel-Cebu_City_Cebu_Island_Visayas.html
Eon Centennial Soho Hotel,3.0,0,3.5,3.0,3.5,0,0,6,/Hotel_Review-g298460-d15129474-Reviews-Eon_Centennial_Soho_Hotel-Cebu_City_Cebu_Island_Visayas.html
Honey Hunt House,2.5,893,3.0,4.5,4.0,4.0,3.5,16,/Hotel_Review-g298460-d10680820-Reviews-Honey_Hunt_House-Cebu_City_Cebu_Island_Visayas.html
Magabelle Guesthouse,2.0,888,0,0,0,0,0,3,/Hotel_Review-g298460-d15140781-Reviews-Magabelle_Guesthouse-Cebu_City_Cebu_Island_Visayas.html
The Seven Archangels Pension House,2.5,627,4.0,5.0,5.0,3.0,3.0,1,/Hotel_Review-g298460-d6825711-Reviews-The_Seven_Archangels_Pension_House-Cebu_City_Cebu_Island_Visayas.html
Murals Hostel and Cafe,0,"1,890",3.5,5.0,3.0,0,0,9,/Hotel_Review-g298460-d15199489-Reviews-Murals_Hostel_and_Cafe-Cebu_City_Cebu_Island_Visayas.html
Global 88 Apartelle,3.0,800,5.0,5.0,4.0,3.0,0,1,/Hotel_Review-g298460-d17162596-Reviews-Global_88_Apartelle-Cebu_City_Cebu_Island_Visayas.html
Bongavilla Beach Resort & Spa,3.0,"2,913",3.5,4.0,3.5,4.5,5.0,4,/Hotel_Review-g298460-d2711959-Reviews-Bongavilla_Beach_Resort_Spa-Cebu_City_Cebu_Island_Visayas.html
Ibabaw Mountain Resort,3.5,"1,800",4.5,0,0,0,0,2,/Hotel_Review-g298460-d15194202-Reviews-Ibabaw_Mountain_Resort-Cebu_City_Cebu_Island_Visayas.html
Palladium Suites,2.5,"1,339",3.0,3.5,3.0,3.0,3.0,23,/Hotel_Review-g298460-d1227528-Reviews-Palladium_Suites-Cebu_City_Cebu_Island_Visayas.html
Anika Suites,3.0,"2,526",4.0,0,0,0,0,1,/Hotel_Review-g298460-d17291809-Reviews-Anika_Suites-Cebu_City_Cebu_Island_Visayas.html
Hotel de Mercedes,0,0,3.0,3.5,3.0,3.0,3.0,55,/Hotel_Review-g298460-d651305-Reviews-Hotel_de_Mercedes-Cebu_City_Cebu_Island_Visayas.html
Crown Regency Hotel & Towers,4.0,"3,656",3.0,4.0,3.5,3.5,3.5,"1,031",/Hotel_Review-g298460-d661037-Reviews-Crown_Regency_Hotel_Towers-Cebu_City_Cebu_Island_Visayas.html
Express Inn - Cebu Hotel,3.0,"1,085",3.0,3.5,3.5,3.5,3.5,149,/Hotel_Review-g298460-d3511389-Reviews-Express_Inn_Cebu_Hotel-Cebu_City_Cebu_Island_Visayas.html
Mabolo Royal Hotel,3.0,0,3.0,4.5,4.0,0,0,26,/Hotel_Review-g298460-d12677345-Reviews-Mabolo_Royal_Hotel-Cebu_City_Cebu_Island_Visayas.html
Elegant Circle Inn,3.0,"1,080",3.0,4.0,3.0,3.0,3.0,117,/Hotel_Review-g298460-d1229471-Reviews-Elegant_Circle_Inn-Cebu_City_Cebu_Island_Visayas.html
Golden Valley Hotel,2.5,"1,271",3.0,4.0,3.5,3.5,4.0,61,/Hotel_Review-g298460-d1469079-Reviews-Golden_Valley_Hotel-Cebu_City_Cebu_Island_Visayas.html
La Florentina Pensionne,2.5,0,0,0,0,0,0,36,/Hotel_Review-g298460-d1205688-Reviews-La_Florentina_Pensionne-Cebu_City_Cebu_Island_Visayas.html
Naps x Adventures,2.0,0,3.0,4.0,3.5,3.5,0,9,/Hotel_Review-g298460-d12349487-Reviews-Naps_x_Adventures-Cebu_City_Cebu_Island_Visayas.html
The Partridge Guest House,2.5,0,4.5,5.0,5.0,5.0,0,2,/Hotel_Review-g298460-d15146962-Reviews-The_Partridge_Guest_House-Cebu_City_Cebu_Island_Visayas.html
New Era Pension Inn Cebu,2.5,"1,291",3.5,4.5,4.0,4.0,4.0,25,/Hotel_Review-g298460-d3203611-Reviews-New_Era_Pension_Inn_Cebu-Cebu_City_Cebu_Island_Visayas.html
Honeybee Royal Inn,3.5,850,4.0,0,0,0,0,1,/Hotel_Review-g298460-d6027988-Reviews-Honeybee_Royal_Inn-Cebu_City_Cebu_Island_Visayas.html
Island Breeze Hostel - Cebu Central,2.0,0,5.0,0,0,0,0,1,/Hotel_Review-g298460-d13438411-Reviews-Island_Breeze_Hostel_Cebu_Central-Cebu_City_Cebu_Island_Visayas.html
The Padgett Place,3.0,0,3.0,5.0,5.0,0,0,6,/Hotel_Review-g298460-d12412160-Reviews-The_Padgett_Place-Cebu_City_Cebu_Island_Visayas.html
Teo-Fel Pension House,2.5,0,3.0,3.5,3.5,3.5,4.5,0,/Hotel_Review-g298460-d1854932-Reviews-Teo_Fel_Pension_House-Cebu_City_Cebu_Island_Visayas.html
Cebu Budgetel - IT Park City Center,2.0,0,4.0,0,0,0,0,2,/Hotel_Review-g298460-d13441035-Reviews-Cebu_Budgetel_IT_Park_City_Center-Cebu_City_Cebu_Island_Visayas.html
Sta. Barbara Suites,3.0,0,3.5,3.0,3.0,3.0,0,4,/Hotel_Review-g298460-d2715757-Reviews-Sta_Barbara_Suites-Cebu_City_Cebu_Island_Visayas.html
White Knight Hotel Cebu,3.0,"1,270",3.0,5.0,5.0,0,0,2,/Hotel_Review-g298460-d666232-Reviews-White_Knight_Hotel_Cebu-Cebu_City_Cebu_Island_Visayas.html
Allsons Inn,3.0,951,3.0,3.0,3.5,3.0,3.5,47,/Hotel_Review-g298460-d1049152-Reviews-Allsons_Inn-Cebu_City_Cebu_Island_Visayas.html
Crown Regency Residences,3.0,0,2.5,2.5,3.0,3.0,2.5,78,/Hotel_Review-g298460-d661038-Reviews-Crown_Regency_Residences-Cebu_City_Cebu_Island_Visayas.html
8th Street Guesthouse,2.0,720,3.0,0,0,0,0,4,/Hotel_Review-g298460-d10548033-Reviews-8th_Street_Guesthouse-Cebu_City_Cebu_Island_Visayas.html
8th Street Hostel,2.0,750,2.5,3.0,0,0,0,3,/Hotel_Review-g298460-d15339376-Reviews-8th_Street_Hostel-Cebu_City_Cebu_Island_Visayas.html
Resort Cebu,3.0,"1,040",4.0,1.0,3.0,4.0,1.0,6,/Hotel_Review-g298460-d7934759-Reviews-Resort_Cebu-Cebu_City_Cebu_Island_Visayas.html
San Remo Oasis,3.0,0,2.0,4.0,4.0,3.0,0,3,/Hotel_Review-g298460-d13149237-Reviews-San_Remo_Oasis-Cebu_City_Cebu_Island_Visayas.html
Cebu Rooms- Condotel,2.0,0,0,0,0,0,0,63,/Hotel_Review-g298460-d15664621-Reviews-Cebu_Rooms_Condotel-Cebu_City_Cebu_Island_Visayas.html
Fely Ann Residences at Express Inn,3.0,0,0,0,0,0,0,26,/Hotel_Review-g298460-d6558144-Reviews-Fely_Ann_Residences_at_Express_Inn-Cebu_City_Cebu_Island_Visayas.html
Pantawan Guesthouse,2.5,"1,034",2.0,0,0,0,0,1,/Hotel_Review-g298460-d14972963-Reviews-Pantawan_Guesthouse-Cebu_City_Cebu_Island_Visayas.html
Kiwi South,2.5,0,0.0,0,0,0,0,1,/Hotel_Review-g298460-d13838955-Reviews-Kiwi_South-Cebu_City_Cebu_Island_Visayas.html
Ancelle Cristo Re,2.0,0,0,0,0,0,0,20,/Hotel_Review-g298460-d14040478-Reviews-Ancelle_Cristo_Re-Cebu_City_Cebu_Island_Visayas.html
Geliz Bed and Bath,3.0,0,0,0,0,0,0,19,/Hotel_Review-g298460-d14006575-Reviews-Geliz_Bed_and_Bath-Cebu_City_Cebu_Island_Visayas.html
Goland Pension House,3.0,900,0,0,0,0,0,19,/Hotel_Review-g298460-d13353942-Reviews-Goland_Pension_House-Cebu_City_Cebu_Island_Visayas.html
Ikiru Comfy Rooms,2.0,0,0,0,0,0,0,63,/Hotel_Review-g298460-d15067157-Reviews-Ikiru_Comfy_Rooms-Cebu_City_Cebu_Island_Visayas.html
Metro Park Hotel,2.0,887,3.0,3.0,3.0,3.0,3.5,66,/Hotel_Review-g298460-d563052-Reviews-Metro_Park_Hotel-Cebu_City_Cebu_Island_Visayas.html
NS Royal Hotel,3.0,"1,391",3.0,4.0,3.0,3.0,3.5,48,/Hotel_Review-g298460-d1020962-Reviews-NS_Royal_Hotel-Cebu_City_Cebu_Island_Visayas.html
Dona Mercedes Hostel,2.0,0,3.0,4.5,3.5,4.0,4.0,10,/Hotel_Review-g298460-d1161406-Reviews-Dona_Mercedes_Hostel-Cebu_City_Cebu_Island_Visayas.html
OYO 157 Casa Venna Pension House,3.0,0,0.0,0,0,0,0,1,/Hotel_Review-g298460-d13405911-Reviews-OYO_157_Casa_Venna_Pension_House-Cebu_City_Cebu_Island_Visayas.html
Golden Peak Hotel & Suites Cebu,2.5,0,3.0,4.0,3.0,3.0,3.5,72,/Hotel_Review-g298460-d306049-Reviews-Golden_Peak_Hotel_Suites_Cebu-Cebu_City_Cebu_Island_Visayas.html
RF Suites,2.5,848,2.0,0,0,0,0,1,/Hotel_Review-g298460-d15245701-Reviews-RF_Suites-Cebu_City_Cebu_Island_Visayas.html
Schweizer Hotel,3.0,0,0,0,0,0,0,735,/Hotel_Review-g298460-d12291662-Reviews-Schweizer_Hotel-Cebu_City_Cebu_Island_Visayas.html
Eastland Hotel and Residences,3.0,0,0,0,0,0,0,92,/Hotel_Review-g298460-d14178494-Reviews-Eastland_Hotel_and_Residences-Cebu_City_Cebu_Island_Visayas.html
El Red's Condo,3.0,0,0,0,0,0,0,27,/Hotel_Review-g298460-d16732371-Reviews-El_Red_s_Condo-Cebu_City_Cebu_Island_Visayas.html
Obaid's Condo In Winland Towers,2.5,0,0,0,0,0,0,82,/Hotel_Review-g298460-d15799102-Reviews-Obaid_s_Condo_In_Winland_Towers-Cebu_City_Cebu_Island_Visayas.html
Sugbo Leisure Lodge,2.5,0,0,0,0,0,0,34,/Hotel_Review-g298460-d15277523-Reviews-Sugbo_Leisure_Lodge-Cebu_City_Cebu_Island_Visayas.html
OYO 159 San Remigio Pensionne Suites,2.5,"1,222",3.0,2.0,4.0,3.5,3.5,28,/Hotel_Review-g298460-d1918358-Reviews-OYO_159_San_Remigio_Pensionne_Suites-Cebu_City_Cebu_Island_Visayas.html
Friendly's Guesthouse Hotel,2.5,0,2.5,4.0,5.0,5.0,0,5,/Hotel_Review-g298460-d12223792-Reviews-Friendly_s_Guesthouse_Hotel-Cebu_City_Cebu_Island_Visayas.html
Feel Great Stay Condotels - San Marino,0,0,2.5,3.0,2.0,0,0,6,/Hotel_Review-g298460-d12400258-Reviews-Feel_Great_Stay_Condotels_San_Marino-Cebu_City_Cebu_Island_Visayas.html
Mambaling Pension House,3.0,491,1.0,0,0,0,0,1,/Hotel_Review-g298460-d15190508-Reviews-Mambaling_Pension_House-Cebu_City_Cebu_Island_Visayas.html
In And Go Hotel,2.5,0,0,0,0,0,0,36,/Hotel_Review-g298460-d17518737-Reviews-In_And_Go_Hotel-Cebu_City_Cebu_Island_Visayas.html
JCM Boardhauz,2.5,910,0,0,0,0,0,41,/Hotel_Review-g298460-d15278250-Reviews-JCM_Boardhauz-Cebu_City_Cebu_Island_Visayas.html
Marco Polo Flats,4.0,0,0,0,0,0,0,"1,697",/Hotel_Review-g298460-d15554855-Reviews-Marco_Polo_Flats-Cebu_City_Cebu_Island_Visayas.html
Maria Christina Arcade Building,2.5,0,0,0,0,0,0,82,/Hotel_Review-g298460-d17469985-Reviews-Maria_Christina_Arcade_Building-Cebu_City_Cebu_Island_Visayas.html
Moalboal Guesthouse,3.5,0,0,0,0,0,0,233,/Hotel_Review-g298460-d12982023-Reviews-Moalboal_Guesthouse-Cebu_City_Cebu_Island_Visayas.html
The Rooms by Alinace,2.0,0,0,0,0,0,0,82,/Hotel_Review-g298460-d17532485-Reviews-The_Rooms_by_Alinace-Cebu_City_Cebu_Island_Visayas.html
Tatiana’s Place,3.0,"1,200",0,0,0,0,0,19,/Hotel_Review-g298460-d15039690-Reviews-Tatiana_s_Place-Cebu_City_Cebu_Island_Visayas.html
Travelbee Fuente Inn,3.0,"1,143",0,0,0,0,0,23,/Hotel_Review-g298460-d16842178-Reviews-Travelbee_Fuente_Inn-Cebu_City_Cebu_Island_Visayas.html
Express Inn Osmena,3.0,0,3.5,4.0,0,0,0,6,/Hotel_Review-g298460-d15043255-Reviews-Express_Inn_Osmena-Cebu_City_Cebu_Island_Visayas.html
Cebu Guest Inn,2.0,0,4.5,4.0,5.0,4.5,5.0,14,/Hotel_Review-g298460-d7389367-Reviews-Cebu_Guest_Inn-Cebu_City_Cebu_Island_Visayas.html
Capitol Central Hotel and Suites,3.0,"1,046",3.5,4.0,3.5,4.0,4.0,148,/Hotel_Review-g298460-d5849242-Reviews-Capitol_Central_Hotel_and_Suites-Cebu_City_Cebu_Island_Visayas.html
Citi Circle Guesthouse Hostel,3.0,0,0,0,0,0,0,3,/Hotel_Review-g298460-d13393667-Reviews-Citi_Circle_Guesthouse_Hostel-Cebu_City_Cebu_Island_Visayas.html
Hotel Fortuna,3.0,0,3.5,4.0,4.0,4.0,4.0,66,/Hotel_Review-g298460-d736324-Reviews-Hotel_Fortuna-Cebu_City_Cebu_Island_Visayas.html
Amethyst Boutique Hotel,3.0,0,5.0,0,0,0,0,4,/Hotel_Review-g298460-d15785351-Reviews-Amethyst_Boutique_Hotel-Cebu_City_Cebu_Island_Visayas.html
Le Village Hostel Cebu,2.0,0,4.0,4.0,3.5,4.0,4.0,112,/Hotel_Review-g298460-d7596144-Reviews-Le_Village_Hostel_Cebu-Cebu_City_Cebu_Island_Visayas.html
Asia Light Hotel,3.0,0,3.5,0,0,0,0,2,/Hotel_Review-g298460-d12823545-Reviews-Asia_Light_Hotel-Cebu_City_Cebu_Island_Visayas.html
La Gloria Residence Inn,3.0,0,3.0,3.5,4.0,3.5,4.0,0,/Hotel_Review-g298460-d3244958-Reviews-La_Gloria_Residence_Inn-Cebu_City_Cebu_Island_Visayas.html
Hostel Seven Cebu,0,0,4.0,5.0,4.0,3.5,0,26,/Hotel_Review-g298460-d12811813-Reviews-Hostel_Seven_Cebu-Cebu_City_Cebu_Island_Visayas.html
Quest Serviced Residences,3.0,0,5.0,5.0,5.0,4.5,4.0,5,/Hotel_Review-g298460-d15204645-Reviews-Quest_Serviced_Residences-Cebu_City_Cebu_Island_Visayas.html
HappyNest Hostel,2.0,0,5.0,5.0,5.0,5.0,0,4,/Hotel_Review-g298460-d16814844-Reviews-HappyNest_Hostel-Cebu_City_Cebu_Island_Visayas.html
"Robe""s Pension House",1.0,0,4.0,4.0,4.0,3.5,4.0,92,/Hotel_Review-g298460-d2623752-Reviews-Robe_s_Pension_House-Cebu_City_Cebu_Island_Visayas.html
L & M Hearthstones Lodge,2.5,0,4.5,4.0,4.5,4.5,4.5,39,/Hotel_Review-g298460-d6628493-Reviews-L_M_Hearthstones_Lodge-Cebu_City_Cebu_Island_Visayas.html
West Gorordo Hotel Cebu,3.0,0,4.0,4.5,4.5,4.5,4.0,60,/Hotel_Review-g298460-d1157775-Reviews-West_Gorordo_Hotel_Cebu-Cebu_City_Cebu_Island_Visayas.html
Ford's Inn,3.0,0,4.0,4.5,4.5,4.0,4.5,18,/Hotel_Review-g298460-d1601242-Reviews-Ford_s_Inn-Cebu_City_Cebu_Island_Visayas.html
St. Moritz Hotel,2.0,0,3.5,3.5,3.5,3.5,3.5,28,/Hotel_Review-g298460-d628344-Reviews-St_Moritz_Hotel-Cebu_City_Cebu_Island_Visayas.html
Paulo Luna Resort & Spa,3.0,0,3.5,4.0,5.0,3.5,3.5,37,/Hotel_Review-g298460-d8491872-Reviews-Paulo_Luna_Resort_Spa-Cebu_City_Cebu_Island_Visayas.html
Hotel Asia,3.0,"1,867",3.5,3.5,4.0,3.5,3.0,39,/Hotel_Review-g298460-d1123955-Reviews-Hotel_Asia-Cebu_City_Cebu_Island_Visayas.html
Travelbee Capitol Inn Cebu,2.0,0,3.5,4.5,3.5,4.0,4.0,26,/Hotel_Review-g298460-d2248010-Reviews-Travelbee_Capitol_Inn_Cebu-Cebu_City_Cebu_Island_Visayas.html
Tipolo Tree Services Apartments,3.0,0,4.5,5.0,5.0,5.0,0,5,/Hotel_Review-g298460-d11779513-Reviews-Tipolo_Tree_Services_Apartments-Cebu_City_Cebu_Island_Visayas.html
Down South Hostel,0,0,4.0,4.0,4.0,0,0,6,/Hotel_Review-g298460-d15233385-Reviews-Down_South_Hostel-Cebu_City_Cebu_Island_Visayas.html
Intosan Beach Resort,0,0,3.0,3.5,3.0,3.0,3.0,31,/Hotel_Review-g298460-d2098743-Reviews-Intosan_Beach_Resort-Cebu_City_Cebu_Island_Visayas.html
Ringtop Pension House,3.0,0,5.0,0,0,0,0,2,/Hotel_Review-g298460-d11866791-Reviews-Ringtop_Pension_House-Cebu_City_Cebu_Island_Visayas.html
Balay Bakasyunan,2.0,0,4.0,2.0,4.0,3.5,4.0,5,/Hotel_Review-g298460-d6506301-Reviews-Balay_Bakasyunan-Cebu_City_Cebu_Island_Visayas.html
Cebu Rooms - San Marino Residences,2.5,"1,450",4.5,5.0,5.0,0,0,2,/Hotel_Review-g298460-d14996191-Reviews-Cebu_Rooms_San_Marino_Residences-Cebu_City_Cebu_Island_Visayas.html
The Nest @ Cebu,3.0,0,4.5,5.0,4.0,0,0,2,/Hotel_Review-g298460-d13538000-Reviews-The_Nest_Cebu-Cebu_City_Cebu_Island_Visayas.html
In & Go Hostel,2.5,0,4.5,5.0,4.5,4.0,0,2,/Hotel_Review-g298460-d13416537-Reviews-In_Go_Hostel-Cebu_City_Cebu_Island_Visayas.html
Chatswood Residences,3.0,0,4.0,5.0,3.0,3.0,0,8,/Hotel_Review-g298460-d10691702-Reviews-Chatswood_Residences-Cebu_City_Cebu_Island_Visayas.html
Buena Vida Suites Capitol,0,0,3.5,4.0,3.5,3.5,3.5,23,/Hotel_Review-g298460-d2263168-Reviews-Buena_Vida_Suites_Capitol-Cebu_City_Cebu_Island_Visayas.html
Casa Pelaez,2.5,0,4.5,4.0,5.0,4.0,0,3,/Hotel_Review-g298460-d4878373-Reviews-Casa_Pelaez-Cebu_City_Cebu_Island_Visayas.html
Guesthouse Storyshare Guadalupe,2.5,0,5.0,4.0,5.0,5.0,0,1,/Hotel_Review-g298460-d13008282-Reviews-Guesthouse_Storyshare_Guadalupe-Cebu_City_Cebu_Island_Visayas.html
Steven's Place Hostel,3.0,0,3.5,0,0,0,0,3,/Hotel_Review-g298460-d11678228-Reviews-Steven_s_Place_Hostel-Cebu_City_Cebu_Island_Visayas.html
Gunners Lodge,3.0,0,3.5,5.0,3.0,0,0,3,/Hotel_Review-g298460-d6613422-Reviews-Gunners_Lodge-Cebu_City_Cebu_Island_Visayas.html
Grand Cenia Hotel and Residences,3.5,0,5.0,0,0,0,0,1,/Hotel_Review-g298460-d1439365-Reviews-Grand_Cenia_Hotel_and_Residences-Cebu_City_Cebu_Island_Visayas.html
Joyful Island Hostel,2.0,0,3.5,5.0,5.0,5.0,0,2,/Hotel_Review-g298460-d15189825-Reviews-Joyful_Island_Hostel-Cebu_City_Cebu_Island_Visayas.html
Lot 8 Serviced Apartments,5.0,0,4.0,4.0,4.0,4.0,0,1,/Hotel_Review-g298460-d7290919-Reviews-Lot_8_Serviced_Apartments-Cebu_City_Cebu_Island_Visayas.html
Cebu Budget Hotel,1.0,893,3.0,4.0,3.5,3.0,3.0,24,/Hotel_Review-g298460-d8352367-Reviews-Cebu_Budget_Hotel-Cebu_City_Cebu_Island_Visayas.html
RoMa's Guesthouse,2.5,0,3.5,4.0,4.0,0,0,3,/Hotel_Review-g298460-d7614973-Reviews-RoMa_s_Guesthouse-Cebu_City_Cebu_Island_Visayas.html
Hotel Le Carmen,0,0,3.0,3.5,3.0,3.0,3.5,21,/Hotel_Review-g298460-d968643-Reviews-Hotel_Le_Carmen-Cebu_City_Cebu_Island_Visayas.html
Hotel Casablanca,2.5,0,3.5,4.5,4.0,3.0,3.0,5,/Hotel_Review-g298460-d3221695-Reviews-Hotel_Casablanca-Cebu_City_Cebu_Island_Visayas.html
G & B Hostel,2.0,0,3.0,1.0,3.0,2.0,0,2,/Hotel_Review-g298460-d10731244-Reviews-G_B_Hostel-Cebu_City_Cebu_Island_Visayas.html
Odlot Hideaway Resort,3.0,0,3.0,0,0,0,0,1,/Hotel_Review-g298460-d6924122-Reviews-Odlot_Hideaway_Resort-Cebu_City_Cebu_Island_Visayas.html
Pedz Cing Mango Lodge,3.5,673,3.0,3.0,3.0,5.0,0,1,/Hotel_Review-g298460-d11954138-Reviews-Pedz_Cing_Mango_Lodge-Cebu_City_Cebu_Island_Visayas.html
Sunday Hostel,2.0,0,3.0,3.0,3.0,0,0,3,/Hotel_Review-g298460-d13382465-Reviews-Sunday_Hostel-Cebu_City_Cebu_Island_Visayas.html
La Residencia Luzviminda Pensionne,2.0,0,2.5,4.0,2.5,3.5,3.0,2,/Hotel_Review-g298460-d3507959-Reviews-La_Residencia_Luzviminda_Pensionne-Cebu_City_Cebu_Island_Visayas.html
C'est La Vie Pension,2.5,0,2.5,4.0,2.0,2.0,3.0,17,/Hotel_Review-g298460-d1229452-Reviews-C_est_La_Vie_Pension-Cebu_City_Cebu_Island_Visayas.html
Bunks Hostel,2.0,0,2.0,4.0,4.0,0,0,1,/Hotel_Review-g298460-d15124061-Reviews-Bunks_Hostel-Cebu_City_Cebu_Island_Visayas.html
Cebu Century Hotel,2.0,0,3.0,3.5,3.0,3.0,3.5,51,/Hotel_Review-g298460-d2192538-Reviews-Cebu_Century_Hotel-Cebu_City_Cebu_Island_Visayas.html
Transit Point Hostel Mactan Cebu,2.0,0,2.5,3.0,2.0,0,0,10,/Hotel_Review-g298460-d12483234-Reviews-Transit_Point_Hostel_Mactan_Cebu-Cebu_City_Cebu_Island_Visayas.html
Wins Pension House,1.5,0,1.0,3.0,4.0,2.0,0,1,/Hotel_Review-g298460-d11619285-Reviews-Wins_Pension_House-Cebu_City_Cebu_Island_Visayas.html
Mambaling Pension House - 2,3.0,0,1.0,0,0,0,0,1,/Hotel_Review-g298460-d15049554-Reviews-Mambaling_Pension_House_2-Cebu_City_Cebu_Island_Visayas.html
Grand Residences Cebu,3.0,0,0,0,0,0,0,92,/Hotel_Review-g298460-d16876083-Reviews-Grand_Residences_Cebu-Cebu_City_Cebu_Island_Visayas.html
Guesthouse Storyshare,2.0,0,0,0,0,0,0,70,/Hotel_Review-g298460-d13007001-Reviews-Guesthouse_Storyshare-Cebu_City_Cebu_Island_Visayas.html
HLL Guesthouse,2.0,0,0,0,0,0,0,79,/Hotel_Review-g298460-d6828032-Reviews-HLL_Guesthouse-Cebu_City_Cebu_Island_Visayas.html
In & GO Hotel,2.5,0,0,0,0,0,0,"1,119",/Hotel_Review-g298460-d15225247-Reviews-In_GO_Hotel-Cebu_City_Cebu_Island_Visayas.html
iPark Hotel,2.5,"1,071",0,0,0,0,0,47,/Hotel_Review-g298460-d14916477-Reviews-IPark_Hotel-Cebu_City_Cebu_Island_Visayas.html
Kryst Tourist Inn,3.0,0,0,0,0,0,0,19,/Hotel_Review-g298460-d17522434-Reviews-Kryst_Tourist_Inn-Cebu_City_Cebu_Island_Visayas.html
Lord’s Inn,3.0,0,0,0,0,0,0,92,/Hotel_Review-g298460-d13532044-Reviews-Lord_s_Inn-Cebu_City_Cebu_Island_Visayas.html
Luxs Capsule Hotel - Hostel Adults Only,2.0,0,0,0,0,0,0,99,/Hotel_Review-g298460-d16818069-Reviews-Luxs_Capsule_Hotel_Hostel_Adults_Only-Cebu_City_Cebu_Island_Visayas.html
Residencia Isabella,2.5,0,0,0,0,0,0,20,/Hotel_Review-g298460-d15035979-Reviews-Residencia_Isabella-Cebu_City_Cebu_Island_Visayas.html
Russel's Guesthouse,5.0,0,0,0,0,0,0,"4,165",/Hotel_Review-g298460-d12497635-Reviews-Russel_s_Guesthouse-Cebu_City_Cebu_Island_Visayas.html
Santoni's Place,3.5,0,0,0,0,0,0,92,/Hotel_Review-g298460-d17443133-Reviews-Santoni_s_Place-Cebu_City_Cebu_Island_Visayas.html
Southpole Pension House,2.0,930,0,0,0,0,0,31,/Hotel_Review-g298460-d9858421-Reviews-Southpole_Pension_House-Cebu_City_Cebu_Island_Visayas.html
Sweet Home Balamban,3.5,0,0,0,0,0,0,233,/Hotel_Review-g298460-d10314473-Reviews-Sweet_Home_Balamban-Cebu_City_Cebu_Island_Visayas.html
Tanaka Guest House,3.0,0,0,0,0,0,0,96,/Hotel_Review-g298460-d17392863-Reviews-Tanaka_Guest_House-Cebu_City_Cebu_Island_Visayas.html
26th Avenue Guesthouse,2.0,0,0,0,0,0,0,20,/Hotel_Review-g298460-d15709847-Reviews-26th_Avenue_Guesthouse-Cebu_City_Cebu_Island_Visayas.html
Transit Guest House,3.5,0,0,0,0,0,0,36,/Hotel_Review-g298460-d12027198-Reviews-Transit_Guest_House-Cebu_City_Cebu_Island_Visayas.html
Westview Pension,2.5,0,0,0,0,0,0,36,/Hotel_Review-g298460-d13821655-Reviews-Westview_Pension-Cebu_City_Cebu_Island_Visayas.html
Terra Manna Beach Resort & Camping,0,0,4.5,4.5,4.5,4.0,4.0,24,/Hotel_Review-g298460-d2269818-Reviews-Terra_Manna_Beach_Resort_Camping-Cebu_City_Cebu_Island_Visayas.html
Cebu Pension Plaza,3.0,0,3.5,3.5,4.0,3.5,4.0,20,/Hotel_Review-g298460-d1052234-Reviews-Cebu_Pension_Plaza-Cebu_City_Cebu_Island_Visayas.html
East Capitol Pensionne,0,0,4.0,4.0,3.5,4.0,4.5,11,/Hotel_Review-g298460-d1640585-Reviews-East_Capitol_Pensionne-Cebu_City_Cebu_Island_Visayas.html
Gerty's Place,4.0,0,5.0,0,0,0,0,3,/Hotel_Review-g298460-d13527614-Reviews-Gerty_s_Place-Cebu_City_Cebu_Island_Visayas.html
Mandaue Hotel-Cebu City,2.0,0,4.5,4.0,4.0,0,0,4,/Hotel_Review-g298460-d10258566-Reviews-Mandaue_Hotel_Cebu_City-Cebu_City_Cebu_Island_Visayas.html
HI Hostel - Myra's Pensionne,0,0,4.0,4.0,4.0,4.5,4.0,9,/Hotel_Review-g298460-d1815824-Reviews-HI_Hostel_Myra_s_Pensionne-Cebu_City_Cebu_Island_Visayas.html
Jacinta Pension House,0,0,3.5,4.5,4.0,3.5,4.0,9,/Hotel_Review-g298460-d1229641-Reviews-Jacinta_Pension_House-Cebu_City_Cebu_Island_Visayas.html
Executive Pension Cebu,0,0,3.5,5.0,4.0,3.0,3.5,21,/Hotel_Review-g298460-d8709997-Reviews-Executive_Pension_Cebu-Cebu_City_Cebu_Island_Visayas.html
JSU-PSU Mariners Court-Cebu,0,0,0,0,0,0,0,7,/Hotel_Review-g298460-d8117161-Reviews-JSU_PSU_Mariners_Court_Cebu-Cebu_City_Cebu_Island_Visayas.html
GnB Hostel,0,0,3.5,4.0,3.5,0,0,11,/Hotel_Review-g298460-d7813019-Reviews-GnB_Hostel-Cebu_City_Cebu_Island_Visayas.html
City Park Inn,3.0,0,4.0,4.0,3.0,3.5,3.0,4,/Hotel_Review-g298460-d1229654-Reviews-City_Park_Inn-Cebu_City_Cebu_Island_Visayas.html
Roseate Pensione House,0,0,0,0,0,0,0,17,/Hotel_Review-g298460-d1581603-Reviews-Roseate_Pensione_House-Cebu_City_Cebu_Island_Visayas.html
Carnaza Island Rental Rooms and Boat Services,3.0,0,5.0,0,0,0,0,1,/Hotel_Review-g298460-d14246209-Reviews-Carnaza_Island_Rental_Rooms_and_Boat_Services-Cebu_City_Cebu_Island_Visayas.html
Carolinian Inn - USC Training Hotel,3.0,0,3.0,4.0,4.0,0,0,1,/Hotel_Review-g298460-d6834513-Reviews-Carolinian_Inn_USC_Training_Hotel-Cebu_City_Cebu_Island_Visayas.html
Parkside Hidden Paradise Mt. Resort,3.0,0,3.0,3.0,0,0,0,1,/Hotel_Review-g298460-d5288750-Reviews-Parkside_Hidden_Paradise_Mt_Resort-Cebu_City_Cebu_Island_Visayas.html
Enmore Residence Hall,3.0,0,3.0,3.0,3.0,3.0,3.5,4,/Hotel_Review-g298460-d2250986-Reviews-Enmore_Residence_Hall-Cebu_City_Cebu_Island_Visayas.html
Yes Pension,2.5,0,3.0,5.0,0,0,0,2,/Hotel_Review-g298460-d7933898-Reviews-Yes_Pension-Cebu_City_Cebu_Island_Visayas.html
Kamuning House,2.5,0,3.0,4.5,3.5,3.0,4.0,4,/Hotel_Review-g298460-d1229643-Reviews-Kamuning_House-Cebu_City_Cebu_Island_Visayas.html
Tonros Apartelle,0,0,0,0,0,0,0,13,/Hotel_Review-g298460-d1819143-Reviews-Tonros_Apartelle-Cebu_City_Cebu_Island_Visayas.html
Cebu Hallmark Hotel,3.0,0,1.0,3.0,1.0,1.0,2.0,1,/Hotel_Review-g298460-d1640370-Reviews-Cebu_Hallmark_Hotel-Cebu_City_Cebu_Island_Visayas.html
RF Suites Pension & Dorm,0,0,2.5,1.0,2.0,2.0,0,6,/Hotel_Review-g298460-d13364669-Reviews-RF_Suites_Pension_Dorm-Cebu_City_Cebu_Island_Visayas.html
Trinity Suites,2.5,0,1.0,1.0,1.0,1.0,0,1,/Hotel_Review-g298460-d1212469-Reviews-Trinity_Suites-Cebu_City_Cebu_Island_Visayas.html
Tambuli Beach Club East Wing,0,0,2.5,3.5,3.0,3.0,3.0,57,/Hotel_Review-g298460-d455428-Reviews-Tambuli_Beach_Club_East_Wing-Cebu_City_Cebu_Island_Visayas.html
Westpoint Inn,0,0,2.5,3.5,2.5,3.0,3.5,21,/Hotel_Review-g298460-d1229650-Reviews-Westpoint_Inn-Cebu_City_Cebu_Island_Visayas.html
La Guardia Hotel,0,0,2.5,3.0,2.5,2.5,4.0,27,/Hotel_Review-g298460-d1450949-Reviews-La_Guardia_Hotel-Cebu_City_Cebu_Island_Visayas.html
Glojam Town Apartelle,3.0,0,1.0,4.0,2.0,0,0,1,/Hotel_Review-g298460-d12676070-Reviews-Glojam_Town_Apartelle-Cebu_City_Cebu_Island_Visayas.html
Executive Royal lnn,4.0,0,2.0,4.0,3.0,4.0,3.5,5,/Hotel_Review-g298460-d1229640-Reviews-Executive_Royal_lnn-Cebu_City_Cebu_Island_Visayas.html
Cityscape Hotel Cebu City,3.0,0,1.0,3.0,1.0,1.0,0,3,/Hotel_Review-g298460-d10258709-Reviews-Cityscape_Hotel_Cebu_City-Cebu_City_Cebu_Island_Visayas.html
Kukuks Nest Garden Restaurant and Pension House,0,0,2.0,3.0,1.5,2.5,2.0,16,/Hotel_Review-g298460-d1196740-Reviews-Kukuks_Nest_Garden_Restaurant_and_Pension_House-Cebu_City_Cebu_Island_Visayas.html
Bella Luna Luxury Hotel,3.0,0,0,0,0,0,0,19,/Hotel_Review-g298460-d12875972-Reviews-Bella_Luna_Luxury_Hotel-Cebu_City_Cebu_Island_Visayas.html
Benz Pension House,3.0,0,0,0,0,0,0,82,/Hotel_Review-g298460-d1640163-Reviews-Benz_Pension_House-Cebu_City_Cebu_Island_Visayas.html
Brumini Cayang-on The Risen Lord Chapel and Retreat House,3.0,0,0,0,0,0,0,19,/Hotel_Review-g298460-d6828012-Reviews-Brumini_Cayang_on_The_Risen_Lord_Chapel_and_Retreat_House-Cebu_City_Cebu_Island_Visaya.html
the BUNK BED house,3.0,0,0,0,0,0,0,82,/Hotel_Review-g298460-d7147407-Reviews-The_BUNK_BED_house-Cebu_City_Cebu_Island_Visayas.html
Cebu Downtown Hotel,3.0,0,0,0,0,0,0,251,/Hotel_Review-g298460-d1582740-Reviews-Cebu_Downtown_Hotel-Cebu_City_Cebu_Island_Visayas.html
Cebu MTB Adventure Hostel,3.0,0,0,0,0,0,0,78,/Hotel_Review-g298460-d12497697-Reviews-Cebu_MTB_Adventure_Hostel-Cebu_City_Cebu_Island_Visayas.html
Celia's Inn,2.0,0,0,0,0,0,0,164,/Hotel_Review-g298460-d6955042-Reviews-Celia_s_Inn-Cebu_City_Cebu_Island_Visayas.html
Centrepoint Hotel Cebu,2.5,0,0,0,0,0,0,251,/Hotel_Review-g298460-d1169497-Reviews-Centrepoint_Hotel_Cebu-Cebu_City_Cebu_Island_Visayas.html
D'Inn Hotel and Restaurant,2.5,0,0,0,0,0,0,60,/Hotel_Review-g298460-d1640582-Reviews-D_Inn_Hotel_and_Restaurant-Cebu_City_Cebu_Island_Visayas.html
Golden Phoenix Suites,3.0,0,0,0,0,0,0,70,/Hotel_Review-g298460-d3595248-Reviews-Golden_Phoenix_Suites-Cebu_City_Cebu_Island_Visayas.html
Hotel Victoria De Cebu,2.5,0,0,0,0,0,0,55,/Hotel_Review-g298460-d1229659-Reviews-Hotel_Victoria_De_Cebu-Cebu_City_Cebu_Island_Visayas.html
Just Inn Cottages,2.0,0,0,0,0,0,0,41,/Hotel_Review-g298460-d1874819-Reviews-Just_Inn_Cottages-Cebu_City_Cebu_Island_Visayas.html
La Casita De Cebu Pension,3.5,0,0,0,0,0,0,233,/Hotel_Review-g298460-d1229668-Reviews-La_Casita_De_Cebu_Pension-Cebu_City_Cebu_Island_Visayas.html
LH Prime Guest House,3.0,0,0,0,0,0,0,78,/Hotel_Review-g298460-d12140407-Reviews-LH_Prime_Guest_House-Cebu_City_Cebu_Island_Visayas.html
Minglarosa,3.0,0,0,0,0,0,0,92,/Hotel_Review-g298460-d7908384-Reviews-Minglarosa-Cebu_City_Cebu_Island_Visayas.html
Sundance Residences,3.0,0,0,0,0,0,0,31,/Hotel_Review-g298460-d17397585-Reviews-Sundance_Residences-Cebu_City_Cebu_Island_Visayas.html
Takumi Guesthouse,4.0,0,0,0,0,0,0,"1,227",/Hotel_Review-g298460-d6827687-Reviews-Takumi_Guesthouse-Cebu_City_Cebu_Island_Visayas.html
Yollys Place,2.0,0,0,0,0,0,0,47,/Hotel_Review-g298460-d15779764-Reviews-Yollys_Place-Cebu_City_Cebu_Island_Visayas.html
Mandarin Plaza Hotel,4.0,0,3.5,4.5,4.0,4.0,4.0,835,/Hotel_Review-g298460-d4610789-Reviews-Mandarin_Plaza_Hotel-Cebu_City_Cebu_Island_Visayas.html
Hotel Fortuna,3.0,0,3.5,4.0,4.0,4.0,4.0,66,/Hotel_Review-g298460-d736324-Reviews-Hotel_Fortuna-Cebu_City_Cebu_Island_Visayas.html
Le Village Hostel Cebu,2.0,0,4.0,4.0,3.5,4.0,4.0,112,/Hotel_Review-g298460-d7596144-Reviews-Le_Village_Hostel_Cebu-Cebu_City_Cebu_Island_Visayas.html
Hostel Seven Cebu,0,0,4.0,5.0,4.0,3.5,0,26,/Hotel_Review-g298460-d12811813-Reviews-Hostel_Seven_Cebu-Cebu_City_Cebu_Island_Visayas.html
Quest Serviced Residences,3.0,0,5.0,5.0,5.0,4.5,4.0,5,/Hotel_Review-g298460-d15204645-Reviews-Quest_Serviced_Residences-Cebu_City_Cebu_Island_Visayas.html
Travelbee Guesthouse,2.0,0,4.5,3.5,5.0,4.5,4.5,55,/Hotel_Review-g298460-d6132119-Reviews-Travelbee_Guesthouse-Cebu_City_Cebu_Island_Visayas.html
Casa Escano,3.0,0,4.0,4.0,4.5,4.5,4.5,154,/Hotel_Review-g298460-d1231919-Reviews-Casa_Escano-Cebu_City_Cebu_Island_Visayas.html
"Robe""s Pension House",1.0,0,4.0,4.0,4.0,3.5,4.0,92,/Hotel_Review-g298460-d2623752-Reviews-Robe_s_Pension_House-Cebu_City_Cebu_Island_Visayas.html
West Gorordo Hotel Cebu,3.0,0,4.0,4.5,4.5,4.5,4.0,60,/Hotel_Review-g298460-d1157775-Reviews-West_Gorordo_Hotel_Cebu-Cebu_City_Cebu_Island_Visayas.html
Ford's Inn,3.0,0,4.0,4.5,4.5,4.0,4.5,18,/Hotel_Review-g298460-d1601242-Reviews-Ford_s_Inn-Cebu_City_Cebu_Island_Visayas.html
St. Moritz Hotel,2.0,0,3.5,3.5,3.5,3.5,3.5,28,/Hotel_Review-g298460-d628344-Reviews-St_Moritz_Hotel-Cebu_City_Cebu_Island_Visayas.html
Paulo Luna Resort & Spa,3.0,0,3.5,4.0,5.0,3.5,3.5,37,/Hotel_Review-g298460-d8491872-Reviews-Paulo_Luna_Resort_Spa-Cebu_City_Cebu_Island_Visayas.html
Travelbee Capitol Inn Cebu,2.0,0,3.5,4.5,3.5,4.0,4.0,26,/Hotel_Review-g298460-d2248010-Reviews-Travelbee_Capitol_Inn_Cebu-Cebu_City_Cebu_Island_Visayas.html
Tipolo Tree Services Apartments,3.0,0,4.5,5.0,5.0,5.0,0,5,/Hotel_Review-g298460-d11779513-Reviews-Tipolo_Tree_Services_Apartments-Cebu_City_Cebu_Island_Visayas.html
Casa Amigo,2.0,0,3.5,3.5,4.0,4.0,4.0,15,/Hotel_Review-g298460-d6707024-Reviews-Casa_Amigo-Cebu_City_Cebu_Island_Visayas.html
Intosan Beach Resort,0,0,3.0,3.5,3.0,3.0,3.0,31,/Hotel_Review-g298460-d2098743-Reviews-Intosan_Beach_Resort-Cebu_City_Cebu_Island_Visayas.html
Ringtop Pension House,3.0,0,5.0,0,0,0,0,2,/Hotel_Review-g298460-d11866791-Reviews-Ringtop_Pension_House-Cebu_City_Cebu_Island_Visayas.html
Balay Bakasyunan,2.0,0,4.0,2.0,4.0,3.5,4.0,5,/Hotel_Review-g298460-d6506301-Reviews-Balay_Bakasyunan-Cebu_City_Cebu_Island_Visayas.html
Chatswood Residences,3.0,0,4.0,5.0,3.0,3.0,0,8,/Hotel_Review-g298460-d10691702-Reviews-Chatswood_Residences-Cebu_City_Cebu_Island_Visayas.html
Buena Vida Suites Capitol,0,0,3.5,4.0,3.5,3.5,3.5,23,/Hotel_Review-g298460-d2263168-Reviews-Buena_Vida_Suites_Capitol-Cebu_City_Cebu_Island_Visayas.html
Casa Pelaez,2.5,0,4.5,4.0,5.0,4.0,0,3,/Hotel_Review-g298460-d4878373-Reviews-Casa_Pelaez-Cebu_City_Cebu_Island_Visayas.html
Guesthouse Storyshare Guadalupe,2.5,0,5.0,4.0,5.0,5.0,0,1,/Hotel_Review-g298460-d13008282-Reviews-Guesthouse_Storyshare_Guadalupe-Cebu_City_Cebu_Island_Visayas.html
Steven's Place Hostel,3.0,0,3.5,0,0,0,0,3,/Hotel_Review-g298460-d11678228-Reviews-Steven_s_Place_Hostel-Cebu_City_Cebu_Island_Visayas.html
Gunners Lodge,3.0,0,3.5,5.0,3.0,0,0,3,/Hotel_Review-g298460-d6613422-Reviews-Gunners_Lodge-Cebu_City_Cebu_Island_Visayas.html
Grand Cenia Hotel and Residences,3.5,0,5.0,0,0,0,0,1,/Hotel_Review-g298460-d1439365-Reviews-Grand_Cenia_Hotel_and_Residences-Cebu_City_Cebu_Island_Visayas.html
Lot 8 Serviced Apartments,5.0,0,4.0,4.0,4.0,4.0,0,1,/Hotel_Review-g298460-d7290919-Reviews-Lot_8_Serviced_Apartments-Cebu_City_Cebu_Island_Visayas.html
RoMa's Guesthouse,2.5,0,3.5,4.0,4.0,0,0,3,/Hotel_Review-g298460-d7614973-Reviews-RoMa_s_Guesthouse-Cebu_City_Cebu_Island_Visayas.html
Hotel Le Carmen,0,0,3.0,3.5,3.0,3.0,3.5,21,/Hotel_Review-g298460-d968643-Reviews-Hotel_Le_Carmen-Cebu_City_Cebu_Island_Visayas.html
Hotel Casablanca,2.5,0,3.5,4.5,4.0,3.0,3.0,5,/Hotel_Review-g298460-d3221695-Reviews-Hotel_Casablanca-Cebu_City_Cebu_Island_Visayas.html
G & B Hostel,2.0,0,3.0,1.0,3.0,2.0,0,2,/Hotel_Review-g298460-d10731244-Reviews-G_B_Hostel-Cebu_City_Cebu_Island_Visayas.html
Odlot Hideaway Resort,3.0,0,3.0,0,0,0,0,1,/Hotel_Review-g298460-d6924122-Reviews-Odlot_Hideaway_Resort-Cebu_City_Cebu_Island_Visayas.html
La Residencia Luzviminda Pensionne,2.0,0,2.5,4.0,2.5,3.5,3.0,2,/Hotel_Review-g298460-d3507959-Reviews-La_Residencia_Luzviminda_Pensionne-Cebu_City_Cebu_Island_Visayas.html
Wins Pension House,1.5,0,1.0,3.0,4.0,2.0,0,1,/Hotel_Review-g298460-d11619285-Reviews-Wins_Pension_House-Cebu_City_Cebu_Island_Visayas.html
Mambaling Pension House - 2,3.0,0,1.0,0,0,0,0,1,/Hotel_Review-g298460-d15049554-Reviews-Mambaling_Pension_House_2-Cebu_City_Cebu_Island_Visayas.html
Gran Prix Hotel & Suites Cebu,0,0,3.0,4.5,3.5,3.0,3.5,105,/Hotel_Review-g298460-d1379996-Reviews-Gran_Prix_Hotel_Suites_Cebu-Cebu_City_Cebu_Island_Visayas.html
OYO 130 Jy Crown Palace,2.0,0,1.5,2.0,2.0,1.0,0,2,/Hotel_Review-g298460-d1847378-Reviews-OYO_130_Jy_Crown_Palace-Cebu_City_Cebu_Island_Visayas.html
Grand Residences Cebu,3.0,0,0,0,0,0,0,92,/Hotel_Review-g298460-d16876083-Reviews-Grand_Residences_Cebu-Cebu_City_Cebu_Island_Visayas.html
Guesthouse Storyshare,2.0,0,0,0,0,0,0,70,/Hotel_Review-g298460-d13007001-Reviews-Guesthouse_Storyshare-Cebu_City_Cebu_Island_Visayas.html
HLL Guesthouse,2.0,0,0,0,0,0,0,79,/Hotel_Review-g298460-d6828032-Reviews-HLL_Guesthouse-Cebu_City_Cebu_Island_Visayas.html
Kryst Tourist Inn,3.0,0,0,0,0,0,0,19,/Hotel_Review-g298460-d17522434-Reviews-Kryst_Tourist_Inn-Cebu_City_Cebu_Island_Visayas.html
Lia's Places,3.0,0,0,0,0,0,0,124,/Hotel_Review-g298460-d15809611-Reviews-Lia_s_Places-Cebu_City_Cebu_Island_Visayas.html
Lord’s Inn,3.0,0,0,0,0,0,0,92,/Hotel_Review-g298460-d13532044-Reviews-Lord_s_Inn-Cebu_City_Cebu_Island_Visayas.html
Russel's Guesthouse,5.0,0,0,0,0,0,0,"4,165",/Hotel_Review-g298460-d12497635-Reviews-Russel_s_Guesthouse-Cebu_City_Cebu_Island_Visayas.html
Santoni's Place,3.5,0,0,0,0,0,0,92,/Hotel_Review-g298460-d17443133-Reviews-Santoni_s_Place-Cebu_City_Cebu_Island_Visayas.html
Sweet Home Balamban,3.5,0,0,0,0,0,0,233,/Hotel_Review-g298460-d10314473-Reviews-Sweet_Home_Balamban-Cebu_City_Cebu_Island_Visayas.html
Tanaka Guest House,3.0,0,0,0,0,0,0,96,/Hotel_Review-g298460-d17392863-Reviews-Tanaka_Guest_House-Cebu_City_Cebu_Island_Visayas.html
26th Avenue Guesthouse,2.0,0,0,0,0,0,0,20,/Hotel_Review-g298460-d15709847-Reviews-26th_Avenue_Guesthouse-Cebu_City_Cebu_Island_Visayas.html
Transit Guest House,3.5,0,0,0,0,0,0,36,/Hotel_Review-g298460-d12027198-Reviews-Transit_Guest_House-Cebu_City_Cebu_Island_Visayas.html
